"uri","date","title","uin"
"http://data.parliament.uk/resources/1045808","2019-01-22","Draft Higher Education (Fee Limits for Accelerated Courses) (England) Regulations 2018","CD:2019-01-22:571"
"http://data.parliament.uk/resources/1045809","2019-01-22","Draft Crown Dependencies (Customs Union) (Jersey) (EU Exit) Order 2018","CD:2019-01-22:570"
"http://data.parliament.uk/resources/1044965","2019-01-21","Healthcare (International Arrangements) Bill Report Stage New Clause 1","CD:2019-01-21:566"
"http://data.parliament.uk/resources/1044975","2019-01-21","Healthcare (International Arrangements) Bill Report Stage Amendment 1","CD:2019-01-21:567"
"http://data.parliament.uk/resources/1042245","2019-01-16","draft Energy Efficiency (Private Rented Property) (England and Wales) (Amendment) Regulations 2018","CD:2019-01-16:563"
"http://data.parliament.uk/resources/1042246","2019-01-16","UK participation in the EU Agency for Criminal Justice Cooperation (Eurojust): Post-adoption opt-in decision ","CD:2019-01-16:564"
"http://data.parliament.uk/resources/1042258","2019-01-16","No confidence in Her Majesty's Government","CD:2019-01-16:565"
"http://data.parliament.uk/resources/1041564","2019-01-15","European Union (Withdrawal) Act Amdt (f) - Baron","CD:2019-01-15:561"
"http://data.parliament.uk/resources/1041567","2019-01-15","European Union (Withdrawal) Act main Motion (Prime Minister)","CD:2019-01-15:562"
"http://data.parliament.uk/resources/1038059","2019-01-09","Grieve amendment to Business of the House (Section 13(1)(b) of the European Union (Withdrawal) Act 2018) (No. 2)","CD:2019-01-09:560"
"http://data.parliament.uk/resources/1037337","2019-01-08","Finance (No.3) Bill report stage: New Clause 1","CD:2019-01-08:554"
"http://data.parliament.uk/resources/1037342","2019-01-08","Finance (No.3) Bill report stage: Amendment 7","CD:2019-01-08:556"
"http://data.parliament.uk/resources/1037344","2019-01-08","Finance (No.3) Bill report stage: Amendment 8","CD:2019-01-08:557"
"http://data.parliament.uk/resources/1037346","2019-01-08","Finance (No.3) Bill report stage: New Clause 3","CD:2019-01-08:555"
"http://data.parliament.uk/resources/1037365","2019-01-08","Finance (No.3) Bill report stage: New Clause 2","CD:2019-01-08:558"
"http://data.parliament.uk/resources/1037366","2019-01-08","Finance (No.3) Bill report stage: New Clause 18 ","CD:2019-01-08:559"
"http://data.parliament.uk/resources/1028418","2018-12-19","draft Markets in Financial Instruments (Amendment) (EU Exit) Regulations 2018","CD:2018-12-19:552"
"http://data.parliament.uk/resources/1028419","2018-12-19","draft Accounts and Reports (Amendment) (EU Exit) Regulations 2018","CD:2018-12-19:553"
"http://data.parliament.uk/resources/1027490","2018-12-18","Mental Capacity (Amendment) Bill: Second Reading: Mr Corbyn's amendment","CD:2018-12-18:551"
"http://data.parliament.uk/resources/1023829","2018-12-12","International Trade and Development Agency Bill ","CD:2018-12-12:547"
"http://data.parliament.uk/resources/1023868","2018-12-12","IPSA - Richard Lloyd appointment","CD:2018-12-12:546"
"http://data.parliament.uk/resources/1023871","2018-12-12","Courts and Tribunals (Judiciary and Functions of Staff) Bill Report Amdt 2","CD:2018-12-12:548"
"http://data.parliament.uk/resources/1023872","2018-12-12","Courts and Tribunals (Judiciary and Functions of Staff) Bill Report Amdt 5","CD:2018-12-12:549"
"http://data.parliament.uk/resources/1023877","2018-12-12","Courts and Tribunals (Judiciary and Functions of Staff) Bill Third Reading","CD:2018-12-12:550"
"http://data.parliament.uk/resources/1023111","2018-12-11","Cannabis (Legalisation and Regulation) Bill ","CD:2018-12-11:544"
"http://data.parliament.uk/resources/1023149","2018-12-11","Government's managmenet of the meaningful vote debate","CD:2018-12-11:545"
"http://data.parliament.uk/resources/1019664","2018-12-04","Privilege (Withdrawal Agreement legal advice)","CD:2018-12-04:542"
"http://data.parliament.uk/resources/1019665","2018-12-04","Business of the House (European Union (Withdrawal) Act) Amendment d","CD:2018-12-04:543"
"http://data.parliament.uk/resources/1019666","2018-12-04","Amendment (a): Privilege (Withdrawal Agreement legal advice)","CD:2018-12-04:541"
"http://data.parliament.uk/resources/1016166","2018-11-28","Draft Child Support (Miscellaneous Amendments) Regulations 2018","CD:2018-11-28:537"
"http://data.parliament.uk/resources/1016167","2018-11-28","Offensive Weapons Bill - Report Govt Amdts 26 to 55","CD:2018-11-28:538"
"http://data.parliament.uk/resources/1016177","2018-11-28","Offensive Weapons Bill - report NC6","CD:2018-11-28:539"
"http://data.parliament.uk/resources/1016178","2018-11-28","Offensive Weapons - Report - NC26","CD:2018-11-28:540"
"http://data.parliament.uk/resources/1011379","2018-11-21","draft Double Taxation Relief and International Tax Enforcement (Jersey) Order 2018","CD:2018-11-21:533"
"http://data.parliament.uk/resources/1011380","2018-11-21","draft Double Taxation Releif and International Tax Enforcement (Isle of Man) Order 2018","CD:2018-11-21:534"
"http://data.parliament.uk/resources/1011381","2018-11-21","draft Double Taxation Relief and International Tax Enforcement (Guernsey) Order 2018","CD:2018-11-21:535"
"http://data.parliament.uk/resources/1011382","2018-11-21","draft Immigration (Health Charge) (Amendment) Order 2018","CD:2018-11-21:536"
"http://data.parliament.uk/resources/1009593","2018-11-19","Finance (No. 3) Bill: Clause 5 stand part","CD:2018-11-19:527"
"http://data.parliament.uk/resources/1009607","2018-11-19","Finance (No.3) Bill: New Clause 1","CD:2018-11-19:528"
"http://data.parliament.uk/resources/1009609","2018-11-19","Finance (No.3) Bill: New Clause 2","CD:2018-11-19:529"
"http://data.parliament.uk/resources/1009610","2018-11-19","Finance (No.3) Bill: New Clause 19","CD:2018-11-19:530"
"http://data.parliament.uk/resources/1010150","2018-11-19","Finance (No.3) Bill: Amendment 7","CD:2018-11-19:532"
"http://data.parliament.uk/resources/1010152","2018-11-19","Finance (No.3) Bill: Amendment 22","CD:2018-11-19:531"
"http://data.parliament.uk/resources/1006787","2018-11-14","Draft electricity and gas (powers to make subordinate legislation) (amendment) (EU Exit) regulations 2018","CD:2018-11-14:526"
"http://data.parliament.uk/resources/1005656","2018-11-12","Finance No. 3 Bill: second reading","CD:2018-11-12:525"
"http://data.parliament.uk/resources/1005691","2018-11-12","Finance No. 3 Bill: second reading: Jeremy Corbyn's amendment","CD:2018-11-12:524"
"http://data.parliament.uk/resources/999482","2018-11-01","Motion No. 5 Basic rate limit and personal allowance","CD:2018-11-01:522"
"http://data.parliament.uk/resources/999484","2018-11-01","Budget Resolution Motion 79: Minor amendments in consequence of EU withdrawal","CD:2018-11-01:523"
"http://data.parliament.uk/resources/999607","2018-11-01","Income Tax (Charge) Mr Corbyn's Amendment","CD:2018-11-01:521"
"http://data.parliament.uk/resources/993900","2018-10-24","Draft Electricity and Gas (Energy Company Obligation) Order 2018","CD:2018-10-24:517"
"http://data.parliament.uk/resources/994333","2018-10-24","Northern Ireland (Executive Formation and Exercise of Functions) Bill: Third Reading","CD:2018-10-24:519"
"http://data.parliament.uk/resources/994336","2018-10-24","Northern Ireland (Executive Formation and Exercise of Functions) Bill: report stage: New Clause 7","CD:2018-10-24:518"
"http://data.parliament.uk/resources/993443","2018-10-23","Ten Minute Rule Motion: Abortion","CD:2018-10-23:512"
"http://data.parliament.uk/resources/993454","2018-10-23","Civil Liability Bill [Lords]: report stage: New Clause 2","CD:2018-10-23:514"
"http://data.parliament.uk/resources/993508","2018-10-23","Civil Liability Bill [Lords]: report stage: New Clause 1","CD:2018-10-23:513"
"http://data.parliament.uk/resources/993513","2018-10-23","Civil Liability Bill [Lords]: report stage: amendment 2","CD:2018-10-23:515"
"http://data.parliament.uk/resources/993517","2018-10-23","Civil Liability Bill [Lords]: Third Reading","CD:2018-10-23:516"
"http://data.parliament.uk/resources/989442","2018-10-17","Opposition motion: Universal Credit","CD:2018-10-17:511"
"http://data.parliament.uk/resources/988613","2018-10-16","Overseas Electors Bill: amendment to Money Resolution","CD:2018-10-16:509"
"http://data.parliament.uk/resources/988614","2018-10-16","Overseas Electors Bill: Money Resolution","CD:2018-10-16:510"
"http://data.parliament.uk/resources/984695","2018-10-10","Agriculture Bill: Second Reading Jeremy Corbyn's Amdt","CD:2018-10-10:508"
"http://data.parliament.uk/resources/972283","2018-09-12","EU - Singapore Free Trade Agreement (FTA) and Investment Protection Agreement (IPA)","CD:2018-09-12:507"
"http://data.parliament.uk/resources/971559","2018-09-11","Counter-Terrorism and Border Security Bill Report Stage: New Clause 2","CD:2018-09-11:503"
"http://data.parliament.uk/resources/971560","2018-09-11","Counter-Terrorism and Border Security Bill Report Stage: Amendment 13","CD:2018-09-11:504"
"http://data.parliament.uk/resources/971562","2018-09-11","Counter-Terrorism and Border Security Bill: Report Stage: New Clause 1","CD:2018-09-11:505"
"http://data.parliament.uk/resources/971577","2018-09-11","Counter-Terrorism and Border Security Bill: Third Reading","CD:2018-09-11:506"
"http://data.parliament.uk/resources/968018","2018-09-05","Tenant Fees Bill report stage: Amendment 1","CD:2018-09-05:501"
"http://data.parliament.uk/resources/968020","2018-09-05","Tenant Fees Bill Report Stage: Amendment 3","CD:2018-09-05:502"
"http://data.parliament.uk/resources/944623","2018-07-19","Motion on Independent Complaints and Grievance Policy: Sir Kevin Barron's amendment","CD:2018-07-19:500"
"http://data.parliament.uk/resources/943767","2018-07-18","Draft European Union (Definition of Treaties)(Comprehensive and Enhanced Partnership Agreement (Armenia) Order 2018","CD:2018-07-18:493"
"http://data.parliament.uk/resources/943768","2018-07-18","Draft European Union (Definition of Treaties)(Association Agreement)(Central America) Order 2018","CD:2018-07-18:494"
"http://data.parliament.uk/resources/943769","2018-07-18","Draft European Union (Definition of Treaties)(Political Dialogue and Cooperation Agreement)(Cuba) Order 2018","CD:2018-07-18:495"
"http://data.parliament.uk/resources/943770","2018-07-18","Draft European Union (Definition of Treaties)(Strategic Partnership Agreement)(Canada) Order 2018","CD:2018-07-18:496"
"http://data.parliament.uk/resources/943771","2018-07-18","Draft European Union (Definition of Treaties)(Framework Agreement)(Australia) Order 2018","CD:2018-07-18:497"
"http://data.parliament.uk/resources/943772","2018-07-18","Draft European Union (Definition of Treaties)(Partnership Agreement on Relations and Cooperation)(New Zealand) Order 2018","CD:2018-07-18:498"
"http://data.parliament.uk/resources/943773","2018-07-18","Draft Immigration (Provision of Physical Data)(Amendment)(EU Exit) Regulations 2018","CD:2018-07-18:499"
"http://data.parliament.uk/resources/942794","2018-07-17","Trade Bill report stage New Clause 3","CD:2018-07-17:484"
"http://data.parliament.uk/resources/942795","2018-07-17","Trade Bill report stage New Clause 20","CD:2018-07-17:485"
"http://data.parliament.uk/resources/942796","2018-07-17","Trade Bill report stage new clause 4","CD:2018-07-17:487"
"http://data.parliament.uk/resources/942797","2018-07-17","Trade Bill report stage Amendment 19","CD:2018-07-17:486"
"http://data.parliament.uk/resources/942798","2018-07-17","Trade Bill report stage amendment 25","CD:2018-07-17:488"
"http://data.parliament.uk/resources/942799","2018-07-17","Trade Bill report stage amendment 80","CD:2018-07-17:489"
"http://data.parliament.uk/resources/942801","2018-07-17","Trade Bill report stage New Clause 17","CD:2018-07-17:490"
"http://data.parliament.uk/resources/942803","2018-07-17","Trade Bill report stage New Clause 18","CD:2018-07-17:491"
"http://data.parliament.uk/resources/942806","2018-07-17","Trade Bill Third Reading","CD:2018-07-17:492"
"http://data.parliament.uk/resources/942171","2018-07-16","Taxation (Cross-border Trade) Bill: Report Stage New Clause 11","CD:2018-07-16:476"
"http://data.parliament.uk/resources/942347","2018-07-16","Taxation (Cross-border Trade) Bill: Report Stage New Clause 13","CD:2018-07-16:477"
"http://data.parliament.uk/resources/942421","2018-07-16","Taxation (Cross-border Trade) Bill: Report Stage New Clause 16","CD:2018-07-16:478"
"http://data.parliament.uk/resources/942422","2018-07-16","Taxation (Cross-border Trade) Bill: Report Stage New Clause 36","CD:2018-07-16:479"
"http://data.parliament.uk/resources/942423","2018-07-16","Taxation (Cross-border Trade) Bill: Report Stage Amdt 21","CD:2018-07-16:480"
"http://data.parliament.uk/resources/942424","2018-07-16","Taxation (Cross-border Trade) Bill: Third Reading","CD:2018-07-16:482"
"http://data.parliament.uk/resources/942425","2018-07-16","Taxation (Cross-border Trade) Bill: Report Stage Amdt 73","CD:2018-07-16:481"
"http://data.parliament.uk/resources/942426","2018-07-16","European Statutory Instruments Committee (Temporary SO) Amdt (a)","CD:2018-07-16:483"
"http://data.parliament.uk/resources/938441","2018-07-11","Opposition Day: Universal Credit","CD:2018-07-11:474"
"http://data.parliament.uk/resources/938444","2018-07-11","Draft Renewables Obligation (Amendment) Order 2018","CD:2018-07-11:473"
"http://data.parliament.uk/resources/937717","2018-07-10","Opposition Motion: The Government's handling of negotiations to leave the EU","CD:2018-07-10:472"
"http://data.parliament.uk/resources/934624","2018-07-04","Ivory Bill:- New Clause 1","CD:2018-07-04:470"
"http://data.parliament.uk/resources/934625","2018-07-04","Ivory Bill: New Clause 2","CD:2018-07-04:471"
"http://data.parliament.uk/resources/934103","2018-07-03","Estimate (Education)","CD:2018-07-03:467"
"http://data.parliament.uk/resources/934104","2018-07-03","Estimate (Treasury) ","CD:2018-07-03:468"
"http://data.parliament.uk/resources/934105","2018-07-03","Estimate (Main Estimate 2018-19)","CD:2018-07-03:469"
"http://data.parliament.uk/resources/934116","2018-07-03","Estimates (Ministry of Justice)","CD:2018-07-03:465"
"http://data.parliament.uk/resources/934117","2018-07-03","Estimates (Health and Social Care and Housing, Communities and Local Government","CD:2018-07-03:466"
"http://data.parliament.uk/resources/931748","2018-06-27","Draft Nursing and Midwifery (Amendment) Order 2018","CD:2018-06-27:464"
"http://data.parliament.uk/resources/931268","2018-06-26","Draft European Union (Definition of Treaties) (Canada Trade Agreement) Order 2018","CD:2018-06-26:460"
"http://data.parliament.uk/resources/931271","2018-06-26","EU-Japan Economic Partnership Agreement","CD:2018-06-26:461"
"http://data.parliament.uk/resources/931272","2018-06-26","Automated and Electric Vehicles Bill (Programme No. 3)","CD:2018-06-26:462"
"http://data.parliament.uk/resources/931277","2018-06-26","Haulage Permits and Trailer Registration Bill [Lords]: Programme (No 2) ","CD:2018-06-26:463"
"http://data.parliament.uk/resources/930955","2018-06-25","Motion on National Policy Statement and New Runway Capacity","CD:2018-06-25:459"
"http://data.parliament.uk/resources/927702","2018-06-20","European Union (Withdrawal) Bill: Lords Amendment 19P amendment (b)","CD:2018-06-20:458"
"http://data.parliament.uk/resources/926838","2018-06-19","Opposition Day: Secretary of State for Transport","CD:2018-06-19:456"
"http://data.parliament.uk/resources/926846","2018-06-19","Opposition Day: Parliamentary Constituencies (Amendment Bill) Committee Stage","CD:2018-06-19:457"
"http://data.parliament.uk/resources/926399","2018-06-18","Emergency Debate: Sewel Convention","CD:2018-06-18:455"
"http://data.parliament.uk/resources/924655","2018-06-15","Mental Health Units (Use of Force) Bill report stage: Amendment 11","CD:2018-06-15:453"
"http://data.parliament.uk/resources/924656","2018-06-15","Mental Health Units (Use of Force) Bill report stage: Amendment 12","CD:2018-06-15:454"
"http://data.parliament.uk/resources/923098","2018-06-13","EU (Withdrawal) Bill Lords Amendments: Amendment (a) to Lords Amendment 51","CD:2018-06-13:445"
"http://data.parliament.uk/resources/923121","2018-06-13","EU (Withdrawal) Bill Lords Amendments: Motion to disagree with Lords Amendment 51","CD:2018-06-13:446"
"http://data.parliament.uk/resources/923122","2018-06-13","EU (Withdrawal) Bill Lords Amendments: motion to disagree with Lords Amendment 1","CD:2018-06-13:447"
"http://data.parliament.uk/resources/923123","2018-06-13","EU (Withdrawal) Bill Lords Amendments: Motion to disagree with Lords Amendment 2","CD:2018-06-13:448"
"http://data.parliament.uk/resources/923124","2018-06-13","EU (Withdrawal) Bill Lords Amendments: motion to disagree with Lords Amendment 5","CD:2018-06-13:449"
"http://data.parliament.uk/resources/923194","2018-06-13","EU (Withdrawal) Bill Lords Amendments: motion to disagree with Lords Amendment 53","CD:2018-06-13:450"
"http://data.parliament.uk/resources/923389","2018-06-13","EU (Withdrawal) Bill Lords Amendments: motion to disagree with Lords Amendment 4","CD:2018-06-13:451"
"http://data.parliament.uk/resources/923697","2018-06-13","EU (Withdrawal) Bill Lords Amendments: motion to disagree with Lords Amendment 3","CD:2018-06-13:452"
"http://data.parliament.uk/resources/922157","2018-06-12","European Union (Withdrawal) Bill: Programme (No.3)","CD:2018-06-12:432"
"http://data.parliament.uk/resources/922219","2018-06-12","European Union (Withdrawal) Bill: Lords Amendment 110 motion to disagree","CD:2018-06-12:433"
"http://data.parliament.uk/resources/922220","2018-06-12","European Union Withdrawal Bill: Lords Amendment 128 motion to disagree","CD:2018-06-12:434"
"http://data.parliament.uk/resources/922221","2018-06-12","European Union (Withdrawal) Bill: Lords amendment 37 motion to disagree","CD:2018-06-12:435"
"http://data.parliament.uk/resources/922222","2018-06-12","European Union (Withdrawal) Bill: Lords amendment 39 motion to disagree","CD:2018-06-12:436"
"http://data.parliament.uk/resources/922223","2018-06-12","European Union (Withdrawal) Bill: Lords amendment 125 motion to disagree","CD:2018-06-12:437"
"http://data.parliament.uk/resources/922224","2018-06-12","European Union (Withdrawal) Bill: Lords amendment 19 motion to disagree","CD:2018-06-12:438"
"http://data.parliament.uk/resources/922230","2018-06-12","European Union (Withdrawal) Bill: Lords amendment 52 motion to disagree","CD:2018-06-12:439"
"http://data.parliament.uk/resources/922231","2018-06-12","European Union (Withdrawal) Bill: Lords amendment 10 motion to disagree","CD:2018-06-12:440"
"http://data.parliament.uk/resources/922232","2018-06-12","European Union (Withdrawal) Bill: Lords amendment 43 motion to disagree","CD:2018-06-12:441"
"http://data.parliament.uk/resources/922234","2018-06-12","European Union (Withdrawal) Bill: Lords amendment 45 motion to disagree","CD:2018-06-12:442"
"http://data.parliament.uk/resources/922236","2018-06-12","European Union (Withdrawal) Bill: Lords amendment 20 motion to disagree","CD:2018-06-12:443"
"http://data.parliament.uk/resources/922240","2018-06-12","European Union (Withdrawal) Bill: Remaining Lords amendments","CD:2018-06-12:444"
"http://data.parliament.uk/resources/910120","2018-05-23","Draft Somerset West and Taunton (Modification of Boundary Change Enactments) Regulations 2018","CD:2018-05-23:426"
"http://data.parliament.uk/resources/910121","2018-05-23","Draft Bournemouth, Dorset and Poole (Structural Changes) Order 2018","CD:2018-05-23:428"
"http://data.parliament.uk/resources/910122","2018-05-23","Draft Dorset (Structural Changes) (Modification of the Local Government and Public Involvement in Health Act 2007) Regulations 2018","CD:2018-05-23:429"
"http://data.parliament.uk/resources/910123","2018-05-23","Draft Somerset West and Taunton (Local Government Changes) Order 2018","CD:2018-05-23:427"
"http://data.parliament.uk/resources/910124","2018-05-23","Opposition motion: Transport Secretary: East Coast Franchise","CD:2018-05-23:430"
"http://data.parliament.uk/resources/910143","2018-05-23","Opposition Motion: National Health Service","CD:2018-05-23:431"
"http://data.parliament.uk/resources/905438","2018-05-16","Opposition motion: Customs arrangements after the UK leaves the EU","CD:2018-05-16:425"
"http://data.parliament.uk/resources/904616","2018-05-15","Data Protection Bill: motion to disagree with Lords Amendment 62B and agree amendments in lieu","CD:2018-05-15:424"
"http://data.parliament.uk/resources/900300","2018-05-09","Data Protection Bill [Lords]: Report stage New Clause 18","CD:2018-05-09:419"
"http://data.parliament.uk/resources/900305","2018-05-09","Data Protection Bill [Lords]: Report Stage New Clause 4","CD:2018-05-09:420"
"http://data.parliament.uk/resources/900310","2018-05-09","Data Protection Bill [Lords]: Report Stage Amdt 15","CD:2018-05-09:422"
"http://data.parliament.uk/resources/900312","2018-05-09","Data Protection Bill [Lords]: Report Stage Amdt 5","CD:2018-05-09:421"
"http://data.parliament.uk/resources/900347","2018-05-09","Education (Student Support) (Amendment) (No.2) Regulations 2018","CD:2018-05-09:423"
"http://data.parliament.uk/resources/899438","2018-05-08","Secure Tenancies (Victims of Domestic Abuse) Bill [Lords]: Report stage: Amendment 2","CD:2018-05-08:416"
"http://data.parliament.uk/resources/899606","2018-05-08","Nuclear Safeguards Bill: Lords Amendment 3 motion to disagree","CD:2018-05-08:417"
"http://data.parliament.uk/resources/899913","2018-05-08","Criminal Legal Aid Regulations SI 2018 No 220: motion to revoke","CD:2018-05-08:418"
"http://data.parliament.uk/resources/896208","2018-05-02","Draft First-tier Tribunal and Upper Tribunal (Composition of Tribunal) (Amendment) Order 2018","CD:2018-05-02:414"
"http://data.parliament.uk/resources/896218","2018-05-02","Opposition Motion: Windrush","CD:2018-05-02:415"
"http://data.parliament.uk/resources/895145","2018-05-01","Sanctions and Anti-Money Laundering Bill: Report stage: New Clause 19","CD:2018-05-01:410"
"http://data.parliament.uk/resources/895148","2018-05-01","Sanctions and Anti-Money Laundering Bill [Lords]: Report Stage New Clause 8","CD:2018-05-01:411"
"http://data.parliament.uk/resources/895150","2018-05-01","Sanctions and Anti-Money Laundering Bill: Report Stage New Clause 13","CD:2018-05-01:412"
"http://data.parliament.uk/resources/895151","2018-05-01","Sanctions and Anti-Money Laundering Bill: Report Stage New Clause 21","CD:2018-05-01:413"
"http://data.parliament.uk/resources/894736","2018-04-30","Domestic Gas and Electricity (Tariff Cap) Bill: Report stage New Clause 1","CD:2018-04-30:409"
"http://data.parliament.uk/resources/892993","2018-04-27","Motion to sit in private","CD:2018-04-27:408"
"http://data.parliament.uk/resources/890171","2018-04-24","Financial Guidance and Claims Bill [Lords]: Report stage amendment 39","CD:2018-04-24:406"
"http://data.parliament.uk/resources/890172","2018-04-24","Financial Guidance and Claims Bill [Lords]: Report Stage Amendment 1","CD:2018-04-24:407"
"http://data.parliament.uk/resources/889799","2018-04-23","Higher Education and Research Act 2017 (Consequential, Transitional, Transitory and Saving Provisions) Regulations 2018: motion to annul  ","CD:2018-04-23:405"
"http://data.parliament.uk/resources/885199","2018-04-17","Emergency debate: Parliamentary approval of military action overseas","CD:2018-04-17:404"
"http://data.parliament.uk/resources/885120","2018-04-16","Emergency Debate: Syria","CD:2018-04-16:403"
"http://data.parliament.uk/resources/873496","2018-03-28","Opposition Motion: Local government funding","CD:2018-03-28:401"
"http://data.parliament.uk/resources/873824","2018-03-28","Opposition Motion:Police funding","CD:2018-03-28:402"
"http://data.parliament.uk/resources/865090","2018-03-16","Motion to sit in private (Standing Order No. 163)","CD:2018-03-16:399"
"http://data.parliament.uk/resources/865099","2018-03-16","Refugees (Family Reunion) (No.2) Bill: Second Reading: Closure motion","CD:2018-03-16:400"
"http://data.parliament.uk/resources/860992","2018-03-13","Universal Credit (S.I., 2018, No. 65)","CD:2018-03-13:395"
"http://data.parliament.uk/resources/861000","2018-03-13","Children and Young Persons: Free School Lunches","CD:2018-03-13:396"
"http://data.parliament.uk/resources/861001","2018-03-13","Children and Young Persons: Early Years Provision","CD:2018-03-13:397"
"http://data.parliament.uk/resources/861002","2018-03-13","Social Security (S.I., 2018, No. 120)","CD:2018-03-13:398"
"http://data.parliament.uk/resources/856870","2018-03-07","Draft Transparency of Donations and Loans etc. (Northern Ireland Political Parties) Order 2018","CD:2018-03-07:393"
"http://data.parliament.uk/resources/856871","2018-03-07","Draft Passport (Fees) Regulations 2018","CD:2018-03-07:394"
"http://data.parliament.uk/resources/851481","2018-02-28","Middle Level Bill: Report Stage Amdt 14","CD:2018-02-28:392"
"http://data.parliament.uk/resources/845870","2018-02-21","Finance (No. 2) Bill: Report Stage New Clause 9","CD:2018-02-21:385"
"http://data.parliament.uk/resources/845878","2018-02-21","Finance (No. 2) Bill Report Stage: New Clause 3","CD:2018-02-21:386"
"http://data.parliament.uk/resources/845879","2018-02-21","Finance (No.2) Bill: Report Stage Amendment 3","CD:2018-02-21:387"
"http://data.parliament.uk/resources/845884","2018-02-21","Finance (No 2) Bill: Report Stage New Clause 7 ","CD:2018-02-21:388"
"http://data.parliament.uk/resources/845885","2018-02-21","Finance (No 2) Bill: Report Stage New Clause 10 ","CD:2018-02-21:389"
"http://data.parliament.uk/resources/845886","2018-02-21","Finance (No 2) Bill: Report Stage Amdt 10","CD:2018-02-21:390"
"http://data.parliament.uk/resources/845909","2018-02-21","Finance (No 2) Bill: Third Reading","CD:2018-02-21:391"
"http://data.parliament.uk/resources/838186","2018-02-07","Police Grant Report (England and Wales) 2018-19","CD:2018-02-07:383"
"http://data.parliament.uk/resources/838200","2018-02-07","Report on Local Government Finance (England) 2018-19","CD:2018-02-07:384"
"http://data.parliament.uk/resources/837689","2018-02-06","Space Industry Bill: Report Stage New Clause 4","CD:2018-02-06:381"
"http://data.parliament.uk/resources/837690","2018-02-06","Space Industry Bill: Report Stage Amdt 1","CD:2018-02-06:382"
"http://data.parliament.uk/resources/834153","2018-01-31","Draft Double Taxation Relief and International Tax Enforcement (Lesotho) Order 2017","CD:2018-01-31:377"
"http://data.parliament.uk/resources/834160","2018-01-31","Restoration and Renewal (No. 1) amdt (c)","CD:2018-01-31:378"
"http://data.parliament.uk/resources/834163","2018-01-31","Restoration and Renewal (No. 1) (as amended)","CD:2018-01-31:380"
"http://data.parliament.uk/resources/834374","2018-01-31","Restoration and Renewal (No. 1) amdt (b)","CD:2018-01-31:379"
"http://data.parliament.uk/resources/833250","2018-01-30","High Speed Rail (West Midlands - Crewe) Bill: Second Reading","CD:2018-01-30:376"
"http://data.parliament.uk/resources/828384","2018-01-23","Nuclear Safeguards Bill: Report Stage New Clause 1","CD:2018-01-23:373"
"http://data.parliament.uk/resources/828386","2018-01-23","Nuclear Safeguards Bill: Report Stage Amdt 5","CD:2018-01-23:374"
"http://data.parliament.uk/resources/828389","2018-01-23","Electoral Commission","CD:2018-01-23:375"
"http://data.parliament.uk/resources/824363","2018-01-17","European Union (Withdrawal) Bill: Report Stage New Clause 1","CD:2018-01-17:363"
"http://data.parliament.uk/resources/824364","2018-01-17","European Union Withdrawal Bill: Report Stage New Clause 6 ","CD:2018-01-17:364"
"http://data.parliament.uk/resources/824365","2018-01-17","European Union (Withdrawal) Bill: Report Stage: New Clause 11","CD:2018-01-17:365"
"http://data.parliament.uk/resources/824368","2018-01-17","European Union (Withdrawal) Bill: Report Stage: New Clause 12","CD:2018-01-17:366"
"http://data.parliament.uk/resources/824369","2018-01-17","European Union (Withdrawal) Bill: Report Stage: New Clause 17","CD:2018-01-17:367"
"http://data.parliament.uk/resources/824370","2018-01-17","European Union (Withdrawal) Bill: Report Stage: Amdt 59","CD:2018-01-17:369"
"http://data.parliament.uk/resources/824372","2018-01-17","European Union (Withdrawal) Bill: Report Stage: Amendment 2","CD:2018-01-17:368"
"http://data.parliament.uk/resources/824373","2018-01-17","European Union (Withdrawal) Bill: Report Stage: Amdt 1","CD:2018-01-17:370"
"http://data.parliament.uk/resources/824378","2018-01-17","European Union (Withdrawal) Bill: Third Reading: Mr Blackford's amendment","CD:2018-01-17:371"
"http://data.parliament.uk/resources/824379","2018-01-17","European Union (Withdrawal) Bill: Third Reading","CD:2018-01-17:372"
"http://data.parliament.uk/resources/823320","2018-01-16","European Union (Withdrawal) Bill: Report Stage: Amendment 57","CD:2018-01-16:358"
"http://data.parliament.uk/resources/823321","2018-01-16","European Union (Withdrawal) Bill: Report Stage: New Clause 7","CD:2018-01-16:360"
"http://data.parliament.uk/resources/823322","2018-01-16","European Union (Withdrawal) Bill: Report Stage: Amdt 4","CD:2018-01-16:359"
"http://data.parliament.uk/resources/823331","2018-01-16","European (Withdrawal) Bill: Report Stage Amdts 21-29","CD:2018-01-16:361"
"http://data.parliament.uk/resources/823332","2018-01-16","EU (Withdrawal) Bill: Report Stage Amdt 3","CD:2018-01-16:362"
"http://data.parliament.uk/resources/818946","2018-01-09","Trade Bill: Second Reading: Mr Corbyn's amendment","CD:2018-01-09:356"
"http://data.parliament.uk/resources/818948","2018-01-09","Trade Bill: Second Reading","CD:2018-01-09:357"
"http://data.parliament.uk/resources/818647","2018-01-08","Taxation (Cross-Border Trade) Bill Second Reading: Jeremy Corbyn's amendment ","CD:2018-01-08:354"
"http://data.parliament.uk/resources/818649","2018-01-08","Taxation (Cross-Border Trade): Second Reading","CD:2018-01-08:355"
"http://data.parliament.uk/resources/809953","2017-12-20","Draft Local Authorities (Mayoral Elections) (England and Wales) (Amendment) Regulations 2017","CD:2017-12-20:346"
"http://data.parliament.uk/resources/809954","2017-12-20","Draft Combined Authorities (Mayoral Elections) (Amendment) Order 2017","CD:2017-12-20:347"
"http://data.parliament.uk/resources/809988","2017-12-20","European Union (Withdrawal) Bill: Committee of the whole House New Clause 13","CD:2017-12-20:348"
"http://data.parliament.uk/resources/809989","2017-12-20","European Union (Withdrawal) Bill: Committee of the whole House Amdts 381 and 399","CD:2017-12-20:349"
"http://data.parliament.uk/resources/809990","2017-12-20","European Union (Withdrawal) Bill: Committee of the whole House Amdt 349","CD:2017-12-20:350"
"http://data.parliament.uk/resources/810044","2017-12-20","European Union (Withdrawal) Bill: Committee of the whole House New Clause 44","CD:2017-12-20:351"
"http://data.parliament.uk/resources/810045","2017-12-20","European Union (Withdrawal) Bill: Committee of the whole House New Clause 54","CD:2017-12-20:352"
"http://data.parliament.uk/resources/810046","2017-12-20","European Union (Withdrawal) Bill: Committee of the whole House Amdt 120","CD:2017-12-20:353"
"http://data.parliament.uk/resources/809139","2017-12-19","Finance (No 2) Bill: Committee of the whole House: New Clause 6","CD:2017-12-19:344"
"http://data.parliament.uk/resources/809145","2017-12-19","Finance (No 2) Bill Committee of the whole House New Clause 8","CD:2017-12-19:345"
"http://data.parliament.uk/resources/808574","2017-12-18","Finance (No. 2) Bill: Committee of the whole House Schedule 9","CD:2017-12-18:341"
"http://data.parliament.uk/resources/808733","2017-12-18","Finance (No. 2) Bill: Committee of the whole House New Clause 1","CD:2017-12-18:342"
"http://data.parliament.uk/resources/808776","2017-12-18","Finance (No. 2) Bill: Committee of the whole House New Clause 4","CD:2017-12-18:343"
"http://data.parliament.uk/resources/805525","2017-12-13","European Union (Withdrawal) Bill: Committee of the whole House Amdt 7","CD:2017-12-13:335"
"http://data.parliament.uk/resources/805526","2017-12-13","European Union (Withdrawal) Bill: Committee of the whole House Amdt 30 ","CD:2017-12-13:336"
"http://data.parliament.uk/resources/805550","2017-12-13","European Union (Withdrawal) Bill: Committee of the whole House Amdt 241","CD:2017-12-13:337"
"http://data.parliament.uk/resources/805551","2017-12-13","European Union (Withdrawal) Bill: Committee of the whole House New Clause 1","CD:2017-12-13:338"
"http://data.parliament.uk/resources/806101","2017-12-13","European Union (Withdrawal) Bill: Committee of the whole House New Clause 22","CD:2017-12-13:339"
"http://data.parliament.uk/resources/806103","2017-12-13","European Union (Withdrawal) Bill: Committee of the whole House Amdt 26","CD:2017-12-13:340"
"http://data.parliament.uk/resources/805092","2017-12-12","European Union (Withdrawal) Bill: Committee of the whole House New Clause 63","CD:2017-12-12:330"
"http://data.parliament.uk/resources/805093","2017-12-12","European Union (Withdrawal) Bill: Committee of the whole House Amendment 49","CD:2017-12-12:331"
"http://data.parliament.uk/resources/805094","2017-12-12","European Union (Withdrawal) Bill: Committee of the whole House Amendment 124","CD:2017-12-12:332"
"http://data.parliament.uk/resources/805095","2017-12-12","European Union (Withdrawal) Bill: Committee of the whole House Amendment 158","CD:2017-12-12:333"
"http://data.parliament.uk/resources/805096","2017-12-12","European Union (Withdrawal) Bill: Committee of the whole House Amendment 25","CD:2017-12-12:334"
"http://data.parliament.uk/resources/804247","2017-12-11","Finance (No.2) Bill Second Reading: Jeremy Corbyn's amendment","CD:2017-12-11:328"
"http://data.parliament.uk/resources/804248","2017-12-11","Finance (No 2) Bill: Second Reading","CD:2017-12-11:329"
"http://data.parliament.uk/resources/801697","2017-12-06","European Union (Withdrawal) Bill Committee of the whole House Amendment 167","CD:2017-12-06:324"
"http://data.parliament.uk/resources/801727","2017-12-06","European Union (Withdrawal) Bill: Committee of the whole House New Clause 17","CD:2017-12-06:325"
"http://data.parliament.uk/resources/801729","2017-12-06","European Union (Withdrawal) Bill: Committee of the whole House New Clause 80","CD:2017-12-06:326"
"http://data.parliament.uk/resources/801730","2017-12-06","European Union (Withdrawal) Bill: Committee of the whole House Amdt 339","CD:2017-12-06:327"
"http://data.parliament.uk/resources/800480","2017-12-04","European Union (Withdrawal) Bill Committee of the whole House New Clause 64","CD:2017-12-04:320"
"http://data.parliament.uk/resources/800481","2017-12-04","European Union (Withdrawal) Bill Committee of the whole House Amendment 42","CD:2017-12-04:321"
"http://data.parliament.uk/resources/800482","2017-12-04","European Union (Withdrawal) Bill Committee of the whole House Amendment 72","CD:2017-12-04:322"
"http://data.parliament.uk/resources/800483","2017-12-04","European Union (Withdrawal) Bill Committee of the whole House Clause 11 and Schedule 3 stand part","CD:2017-12-04:323"
"http://data.parliament.uk/resources/798541","2017-12-01","Motion to sit in private","CD:2017-12-01:318"
"http://data.parliament.uk/resources/798552","2017-12-01","Closure Motion: Parliamentary Constituencies (Amendment Bill)","CD:2017-12-01:319"
"http://data.parliament.uk/resources/796706","2017-11-29","Opposition Motion: Women affected by state pension age increases","CD:2017-11-29:317"
"http://data.parliament.uk/resources/795657","2017-11-28","Budget resolutions motion 28: Bank levy","CD:2017-11-28:316"
"http://data.parliament.uk/resources/792888","2017-11-21","European Union (Withdrawal) Bill: Committee of the whole House New Clause 79","CD:2017-11-21:311"
"http://data.parliament.uk/resources/792889","2017-11-21","European Union (Withdrawal) Bill: Committee of the whole House Amdt 46","CD:2017-11-21:312"
"http://data.parliament.uk/resources/792890","2017-11-21","European Union (Withdrawal) Bill: Committee of the whole House Amdt 336","CD:2017-11-21:313"
"http://data.parliament.uk/resources/792945","2017-11-21","European Union (Withdrawal) Bill: Committee of the whole House Amdt 139","CD:2017-11-21:314"
"http://data.parliament.uk/resources/792946","2017-11-21","European Union (Withdrawal) Bill: Committee of the whole House Schedule 1","CD:2017-11-21:315"
"http://data.parliament.uk/resources/792581","2017-11-20","Cross-Border Trade Resolution: Amendment (e)","CD:2017-11-20:310"
"http://data.parliament.uk/resources/789396","2017-11-15","European Union (Withdrawal) Bill: Committee of the whole House New Clause 25","CD:2017-11-15:305"
"http://data.parliament.uk/resources/789397","2017-11-15","European Union (Withdrawal) Bill: Committee of the whole House New Clause 58","CD:2017-11-15:306"
"http://data.parliament.uk/resources/789922","2017-11-15","European Union (Withdrawal) Bill: Committee of the whole House New Clause 30","CD:2017-11-15:307"
"http://data.parliament.uk/resources/789923","2017-11-15","European Union (Withdrawal) Bill: Committee of the whole House New Clause 67","CD:2017-11-15:308"
"http://data.parliament.uk/resources/789924","2017-11-15","European Union (Withdrawal) Bill: Committee of the whole House Amdt 70","CD:2017-11-15:309"
"http://data.parliament.uk/resources/788772","2017-11-14","EU (Withdrawal) Bill: Committee of the whole House Amdt 79","CD:2017-11-14:300"
"http://data.parliament.uk/resources/788773","2017-11-14","EU (Withdrawal) Bill: Committee of the whole House Clause 1","CD:2017-11-14:301"
"http://data.parliament.uk/resources/788941","2017-11-14","EU (Withdrawal) Bill: Committee of the whole House New Clause 14","CD:2017-11-14:302"
"http://data.parliament.uk/resources/788942","2017-11-14","EU (Withdrawal) Bill: Committee of the whole House Amdt 137","CD:2017-11-14:303"
"http://data.parliament.uk/resources/788943","2017-11-14","EU (Withdrawal) Bill: Committee of the whole House Amdt 278","CD:2017-11-14:304"
"http://data.parliament.uk/resources/783133","2017-11-03","Motion to sit in private","CD:2017-11-03:299"
"http://data.parliament.uk/resources/780710","2017-10-31","Finance Bill: Report Stage New Clause 1","CD:2017-10-31:294"
"http://data.parliament.uk/resources/780713","2017-10-31","Finance Bill: Report Stage Amdt 1","CD:2017-10-31:295"
"http://data.parliament.uk/resources/780714","2017-10-31","Finance Bill: Report Stage Amdt 11","CD:2017-10-31:296"
"http://data.parliament.uk/resources/780715","2017-10-31","Finance Bill: Report New Clause 2","CD:2017-10-31:297"
"http://data.parliament.uk/resources/780719","2017-10-31","Finance Bill: Third Reading","CD:2017-10-31:298"
"http://data.parliament.uk/resources/776386","2017-10-24","Smart Meters  Bill (Programme)","CD:2017-10-24:293"
"http://data.parliament.uk/resources/776007","2017-10-23","Automated and Electric Vehicles Bill (Programme motion)","CD:2017-10-23:292"
"http://data.parliament.uk/resources/772511","2017-10-18","Opposition Motion: Pause of Universal Credit full service roll-out","CD:2017-10-18:291"
"http://data.parliament.uk/resources/768283","2017-10-11","Finance Bill: Committee of the whole House Amdt 1","CD:2017-10-11:286"
"http://data.parliament.uk/resources/768285","2017-10-11","Finance Bill: Committee of the whole House Amdt 2","CD:2017-10-11:287"
"http://data.parliament.uk/resources/768286","2017-10-11","Finance Bill: Committee of the whole House Amdt 4","CD:2017-10-11:288"
"http://data.parliament.uk/resources/768287","2017-10-11","Finance Bill: Committee of the whole House New Clause 1","CD:2017-10-11:289"
"http://data.parliament.uk/resources/768324","2017-10-11","Finance Bill: Committee of the whole House New Clause 2","CD:2017-10-11:290"
"http://data.parliament.uk/resources/759531","2017-09-12","Finance Bill: Second Reading","CD:2017-09-12:283"
"http://data.parliament.uk/resources/759599","2017-09-12","Nomination of Members to Committees: Mr Carmichael's amendment","CD:2017-09-12:284"
"http://data.parliament.uk/resources/759600","2017-09-12","Nomination of Members to Committees","CD:2017-09-12:285"
"http://data.parliament.uk/resources/759160","2017-09-11","EU (Withdrawal) Bill Second Reading: Mr Corbyn's amendment","CD:2017-09-11:280"
"http://data.parliament.uk/resources/759161","2017-09-11","EU (Withdrawal) Bill: Second Reading","CD:2017-09-11:281"
"http://data.parliament.uk/resources/759162","2017-09-11","EU (Withdrawal) Bill: Programme Motion","CD:2017-09-11:282"
"http://data.parliament.uk/resources/757972","2017-09-06","Ways and Means motion 13: Business investment relief","CD:2017-09-06:278"
"http://data.parliament.uk/resources/757973","2017-09-06","Ways and Means Motion 4: Termination payments etc.","CD:2017-09-06:277"
"http://data.parliament.uk/resources/757974","2017-09-06","Ways and Means motion 22: Trading profits taxable at the Northern Ireland rate","CD:2017-09-06:279"
"http://data.parliament.uk/resources/752310","2017-07-17","Business of the House (Private Members' Bills): Amendment (a)","CD:2017-07-17:275"
"http://data.parliament.uk/resources/752311","2017-07-17","Business of the House (Private Members' Bills): Amendment (b)","CD:2017-07-17:276"
"http://data.parliament.uk/resources/750424","2017-07-11","Air Travel Organisers' Licensing Bill: Committee of the whole House Amdt 2","CD:2017-07-11:272"
"http://data.parliament.uk/resources/750425","2017-07-11","Air Travel Organisers' Bill: Committee of the whole House Amdt 3","CD:2017-07-11:273"
"http://data.parliament.uk/resources/750435","2017-07-11","Air Travel Organisers' Licensing Bill: Committee of the whole House New Clause 1","CD:2017-07-11:274"
"http://data.parliament.uk/resources/746517","2017-06-29","Queen's Speech: Economy and Jobs Amdt (l)","CD:2017-06-29:269"
"http://data.parliament.uk/resources/746518","2017-06-29","Queen's Speech: Economy and Jobs Amdt (g)","CD:2017-06-29:270"
"http://data.parliament.uk/resources/746519","2017-06-29","Queen's Speech: Main Question","CD:2017-06-29:271"
"http://data.parliament.uk/resources/746031","2017-06-28","Queen's Speech: Health, Social Care and Security Amendment (i)","CD:2017-06-28:268"
"http://data.parliament.uk/resources/722300","2017-04-19","Early Parliamentary General Election","CD:2017-04-19:264"
"http://data.parliament.uk/resources/722302","2017-04-19","Technical and Further Education Bill: Lords Amendment 1 Motion to disagree","CD:2017-04-19:265"
"http://data.parliament.uk/resources/722304","2017-04-19","Section 5 of the European Communities (Amendment) Act 1993","CD:2017-04-19:266"
"http://data.parliament.uk/resources/721963","2017-04-18","Finance (No.2) Bill: Second Reading: reasoned amendment","CD:2017-04-18:262"
"http://data.parliament.uk/resources/721964","2017-04-18","Finance (No.2) Bill: Second Reading","CD:2017-04-18:263"
"http://data.parliament.uk/resources/714865","2017-03-29","Pension Schemes Bill [Lords]: Report Stage New Clause 2","CD:2017-03-29:260"
"http://data.parliament.uk/resources/714866","2017-03-29","Pension Schemes Bill [Lords]: Report Stage New Clause 1","CD:2017-03-29:259"
"http://data.parliament.uk/resources/714868","2017-03-29","Pension Schemes Bill [Lords]: Report Stage Amendment 1","CD:2017-03-29:261"
"http://data.parliament.uk/resources/713962","2017-03-27","Bus Services Bill [Lords]: Report Stage New Clause 1","CD:2017-03-27:255"
"http://data.parliament.uk/resources/713963","2017-03-27","Bus Services Bill [Lords]: Report Stage New Clause 2","CD:2017-03-27:256"
"http://data.parliament.uk/resources/714005","2017-03-27","Bus Services Bill [Lords]: Report Stage Amendment 1","CD:2017-03-27:257"
"http://data.parliament.uk/resources/713760","2017-03-24","Local Audit (Public Access to Documents) Bill: Report stage Amendment 2","CD:2017-03-24:254"
"http://data.parliament.uk/resources/712355","2017-03-20","Draft Individual Savings Account (Amendment No.2) Regulations 2017","CD:2017-03-20:253"
"http://data.parliament.uk/resources/711238","2017-03-15","Draft Bereavement Support Payment Regulations 2017","CD:2017-03-15:250"
"http://data.parliament.uk/resources/711239","2017-03-15","Draft Sovereign Grant 2011 (Change of Percentage) Order 2017","CD:2017-03-15:251"
"http://data.parliament.uk/resources/711278","2017-03-15","Health Service Medical Supplies (Costs) Bill: Lords Amendment 3 Motion to disagree","CD:2017-03-15:252"
"http://data.parliament.uk/resources/710793","2017-03-14","Budget Resolution Motion 19: Business investment relief","CD:2017-03-14:247"
"http://data.parliament.uk/resources/710794","2017-03-14","Budget Resolution Motion 34: Insurance premium tax (standard rate)","CD:2017-03-14:248"
"http://data.parliament.uk/resources/710795","2017-03-14","Budget Resolution Motion 40: Alcoholic liquor duties (rates)","CD:2017-03-14:249"
"http://data.parliament.uk/resources/710264","2017-03-13","Reproductive Health (Access to Terminations)","CD:2017-03-13:243"
"http://data.parliament.uk/resources/710265","2017-03-13","European Union (Notification of Withdrawal) Bill: Programme (No. 2) Motion","CD:2017-03-13:244"
"http://data.parliament.uk/resources/710308","2017-03-13","EU (Notification of Withdrawal) Bill: Lords Amendment 1 Motion to disagree","CD:2017-03-13:245"
"http://data.parliament.uk/resources/710310","2017-03-13","EU (Notification of Withdrawal) Bill: Lords Amendment 2 Motion to disagree","CD:2017-03-13:246"
"http://data.parliament.uk/resources/708770","2017-03-07","Children and Social Work Bill (Lords): Report Stage New Clause 14","CD:2017-03-07:240"
"http://data.parliament.uk/resources/708773","2017-03-07","Children and Social Work Bill (Lords): Report Stage Amendment 12","CD:2017-03-07:241"
"http://data.parliament.uk/resources/708826","2017-03-07","Standing Orders (Public Business)","CD:2017-03-07:242"
"http://data.parliament.uk/resources/706377","2017-03-01","Unaccompanied Children in Greece and Italy","CD:2017-03-01:239"
"http://data.parliament.uk/resources/694163","2017-02-24","Preventing and Combating Violence Against Women and Domestic Violence (Ratification of Convention) Bill: Report Stage Amendment 1","CD:2017-02-24:234"
"http://data.parliament.uk/resources/694164","2017-02-24","Preventing and Combating Violence Against Women and Domestic Violence (Ratification of Convention) Bill: Report Stage Amendment 14","CD:2017-02-24:235"
"http://data.parliament.uk/resources/694166","2017-02-24","Preventing and Combating Violence Against Women and Domestic Violence (Ratification of Convention) Bill: Report Stage Amendment 16","CD:2017-02-24:236"
"http://data.parliament.uk/resources/694168","2017-02-24","Preventing and Combating Violence Against Women and Domestic Violence (Ratification of Convention) Bill: Third Reading: Closure motion","CD:2017-02-24:237"
"http://data.parliament.uk/resources/694170","2017-02-24","Preventing and Combating Violence Against Women and Domestic Violence (Ratification of Convention) Bill: Third Reading","CD:2017-02-24:238"
"http://data.parliament.uk/resources/692755","2017-02-22","Police Grant Report (England and Wales) 2017-18","CD:2017-02-22:232"
"http://data.parliament.uk/resources/692764","2017-02-22","Local Government Finance (England)","CD:2017-02-22:233"
"http://data.parliament.uk/resources/692257","2017-02-21","Criminal Finances Bill: Report Stage New Clause 19","CD:2017-02-21:230"
"http://data.parliament.uk/resources/692258","2017-02-21","Criminal Finances Bill: Report Stage New Clause 17","CD:2017-02-21:229"
"http://data.parliament.uk/resources/692261","2017-02-21","Draft Housing and Planning Act 2016 (Permission in Principle etc) (Miscellaneous Amendments) (England) Regulations 2017","CD:2017-02-21:231"
"http://data.parliament.uk/resources/686587","2017-02-08","Draft Important Public Services (Education) Regulations 2017","CD:2017-02-08:212"
"http://data.parliament.uk/resources/686588","2017-02-08","Draft Important Public Sevices (Transport) Regulations 2017","CD:2017-02-08:213"
"http://data.parliament.uk/resources/686589","2017-02-08","Draft Important Public Services (Health) Regulations 2017","CD:2017-02-08:214"
"http://data.parliament.uk/resources/686590","2017-02-08","Draft Important Public Sevices (Border Security) Regulations 2017","CD:2017-02-08:215"
"http://data.parliament.uk/resources/686591","2017-02-08","Draft Important Public Services (Fire) Regulations 2017","CD:2017-02-08:216"
"http://data.parliament.uk/resources/686592","2017-02-08","Draft Trade Union Act 2016 (Political Funds) (Transition Period) Regulations 2017","CD:2017-02-08:217"
"http://data.parliament.uk/resources/686593","2017-02-08","Comprehensive Economic Trade Agreement (CETA) between the EU and Canada","CD:2017-02-08:218"
"http://data.parliament.uk/resources/686610","2017-02-08","European Union (Notification of Withdrawal) Bill: Committee of the whole House New Clause 2","CD:2017-02-08:219"
"http://data.parliament.uk/resources/686611","2017-02-08","European Union (Notification of Withdrawal) Bill: Committee of the whole House New Clause 7","CD:2017-02-08:220"
"http://data.parliament.uk/resources/686613","2017-02-08","European Union (Notification of Withdrawal) Bill: Committee of the whole House Amdt 29","CD:2017-02-08:221"
"http://data.parliament.uk/resources/686614","2017-02-08","European Union (Notification of Withdrawal) Bill: Committee of the whole House Amdt 11","CD:2017-02-08:222"
"http://data.parliament.uk/resources/686617","2017-02-08","European Union (Notification of Withdrawal) Bill: Committee of the whole House Amdt 43","CD:2017-02-08:223"
"http://data.parliament.uk/resources/686619","2017-02-08","European Union (Notification of Withdrawal) Bill: Committee of the whole House Amdt 86","CD:2017-02-08:224"
"http://data.parliament.uk/resources/686620","2017-02-08","European Union (Notification of Withdrawal) Bill: Committee of the whole House Clauses 1 and 2 stand part","CD:2017-02-08:225"
"http://data.parliament.uk/resources/686623","2017-02-08","European Union (Notification of Withdrawal) Bill: Committee of the whole House New Clause 57","CD:2017-02-08:226"
"http://data.parliament.uk/resources/686644","2017-02-08","European Union (Notification of Withdrawal) Bill: Committee of the whole House New Clause 192","CD:2017-02-08:227"
"http://data.parliament.uk/resources/686645","2017-02-08","European Union (Notification of Withdrawal) Bill: Third Reading","CD:2017-02-08:228"
"http://data.parliament.uk/resources/685695","2017-02-07","EU (Notification of Withdrawal) Bill Committee of the whole House: New Clause 110","CD:2017-02-07:204"
"http://data.parliament.uk/resources/685703","2017-02-07","EU (Notification of Withdrawal) Bill Committee of the whole House: New Clause 180","CD:2017-02-07:209"
"http://data.parliament.uk/resources/685768","2017-02-07","EU (Notification of Withdrawal) Bill Committee of the whole House: New Clause 5","CD:2017-02-07:210"
"http://data.parliament.uk/resources/685795","2017-02-07","EU (Notification of Withdrawal) Bill Committee of the whole House: New Clause 143","CD:2017-02-07:211"
"http://data.parliament.uk/resources/685669","2017-02-06","EU (Notification of Withdrawal) Bill: Committee of the whole House New Clause 3","CD:2017-02-06:206"
"http://data.parliament.uk/resources/685670","2017-02-06","EU (Notification of Withdrawal) Bill Committee: New Clause 4","CD:2017-02-06:205"
"http://data.parliament.uk/resources/685671","2017-02-06","EU (Notification of Withdrawal) Bill: Committee of the whole House New Clause 26","CD:2017-02-06:207"
"http://data.parliament.uk/resources/685672","2017-02-06","EU (Notification of Withdrawal) Bill Committee of the whole House: New Clause 158","CD:2017-02-06:208"
"http://data.parliament.uk/resources/682569","2017-02-01","European Union (Notification Etc.) Bill: Second Reading - Mr Robertson's Amendment","CD:2017-02-01:201"
"http://data.parliament.uk/resources/682570","2017-02-01","European Union (Notification of Withdrawal) Bill: Second Reading","CD:2017-02-01:202"
"http://data.parliament.uk/resources/682576","2017-02-01","European Union (Notification of Withdrawal) Bill: Programme","CD:2017-02-01:203"
"http://data.parliament.uk/resources/678297","2017-01-25","Opposition Motion: Prisons","CD:2017-01-25:199"
"http://data.parliament.uk/resources/678298","2017-01-25","Draft Bank of England and Financial Services (Consequential Amendments) Regulations 2017","CD:2017-01-25:198"
"http://data.parliament.uk/resources/678341","2017-01-25","Opposition Motion: School Funding","CD:2017-01-25:200"
"http://data.parliament.uk/resources/677697","2017-01-24","Ten Minute Rule Motion: Industrial Action (Protection of Critical National Services)","CD:2017-01-24:195"
"http://data.parliament.uk/resources/677700","2017-01-24","Wales Bill: Lords Amendment 36 - Amdt (a)","CD:2017-01-24:196"
"http://data.parliament.uk/resources/677755","2017-01-24","Charter for Budget Responsibility","CD:2017-01-24:197"
"http://data.parliament.uk/resources/675977","2017-01-20","Motion to sit in private","CD:2017-01-20:194"
"http://data.parliament.uk/resources/674601","2017-01-18","Draft Combined Authorities (Mayoral Elections) Order 2017","CD:2017-01-18:193"
"http://data.parliament.uk/resources/673844","2017-01-17","Opposition Motion: Effect of the UK leaving the EU on the rural economy","CD:2017-01-17:190"
"http://data.parliament.uk/resources/673874","2017-01-17","Opposition Motion: DWP policies and low-income households","CD:2017-01-17:191"
"http://data.parliament.uk/resources/673875","2017-01-17","Opposition Motion: DWP policies and low-income households--Prime Minister Amendment","CD:2017-01-17:192"
"http://data.parliament.uk/resources/671450","2017-01-11","Opposition Motion: NHS and social care funding","CD:2017-01-11:189"
"http://data.parliament.uk/resources/670447","2017-01-10","Commonwealth Development Corporation Bill: Report Stage New Clause 1","CD:2017-01-10:184"
"http://data.parliament.uk/resources/670448","2017-01-10","Commonwealth Development Corporation Bill: Report Stage Amdt 3","CD:2017-01-10:185"
"http://data.parliament.uk/resources/670508","2017-01-10","Policing and Crime Bill: Lords Amendment 24 Motion to disagree","CD:2017-01-10:186"
"http://data.parliament.uk/resources/670510","2017-01-10","Policing and Crime Bill: Lords Amendment 96 Motion to disagree","CD:2017-01-10:187"
"http://data.parliament.uk/resources/670534","2017-01-10","Policing and Crime Bill: Lords Amendment 136 Motion to disagree","CD:2017-01-10:188"
"http://data.parliament.uk/resources/669733","2017-01-09","Technical and Further Education Bill: Report Stage New Clause 4","CD:2017-01-09:182"
"http://data.parliament.uk/resources/669796","2017-01-09","Technical and Further Education Bill: Report Stage Amendment 22","CD:2017-01-09:183"
"http://data.parliament.uk/resources/660075","2016-12-16","Preventing and Combating Violence against Women and Domestic Violence (Ratification of Convention) Bill: Second Reading Closure Motion","CD:2016-12-16:180"
"http://data.parliament.uk/resources/660076","2016-12-16","Preventing and Combating Violence against Women and Domestic Violence (Ratification of Convention) Bill: Second Reading","CD:2016-12-16:181"
"http://data.parliament.uk/resources/658123","2016-12-14","Deferred division: Financial Services and Markets","CD:2016-12-14:177"
"http://data.parliament.uk/resources/658125","2016-12-14","Opposition Motion: Effect on equality of the Autumn Statement 2016","CD:2016-12-14:178"
"http://data.parliament.uk/resources/658169","2016-12-14","Opposition Motion: Homelessness","CD:2016-12-14:179"
"http://data.parliament.uk/resources/657539","2016-12-13","Neighbourhood Planning Bill Report Stage Amendment 14","CD:2016-12-13:176"
"http://data.parliament.uk/resources/657541","2016-12-13","Neighbourhood Planning Bill Report Stage New Clause 9","CD:2016-12-13:175"
"http://data.parliament.uk/resources/656665","2016-12-12","Savings (Government Contributions) Bill: Report Stage New Clause 2","CD:2016-12-12:171"
"http://data.parliament.uk/resources/656666","2016-12-12","Savings (Government Contributions) Bill Report Stage Amendment 15","CD:2016-12-12:172"
"http://data.parliament.uk/resources/656668","2016-12-12","Savings (Government Contributions) Bill Report Stage Amendment 2","CD:2016-12-12:173"
"http://data.parliament.uk/resources/656688","2016-12-12","Draft Coasting Schools (England) Regulations","CD:2016-12-12:174"
"http://data.parliament.uk/resources/653644","2016-12-07","Opposition Motion: The Government's plan for Brexit (Prime Minister's Amdt)","CD:2016-12-07:169"
"http://data.parliament.uk/resources/653645","2016-12-07","Opposition motion: The Government's plan for Brexit motion as amended","CD:2016-12-07:170"
"http://data.parliament.uk/resources/649312","2016-12-01","Acceleration of the state pension age for women born in the 1950s","CD:2016-12-01:168"
"http://data.parliament.uk/resources/648344","2016-11-30","Opposition Motion: Chilcot Inquiry and parliamentary accountability","CD:2016-11-30:166"
"http://data.parliament.uk/resources/648387","2016-11-30","Opposition Motion: Effect of the increase in the state pension age on women born in the 1950s","CD:2016-11-30:167"
"http://data.parliament.uk/resources/646361","2016-11-28","Digital Economy Bill: Report Stage New Clause 10","CD:2016-11-28:163"
"http://data.parliament.uk/resources/646362","2016-11-28","Digital Economy Bill: Report Stage New Clause 27","CD:2016-11-28:164"
"http://data.parliament.uk/resources/646440","2016-11-28","Digital Economy Bill: Report Stage New Clause 8","CD:2016-11-28:165"
"http://data.parliament.uk/resources/641464","2016-11-22","Opposition Motion: Education and Social Mobility","CD:2016-11-22:161"
"http://data.parliament.uk/resources/641522","2016-11-22","Opposition Motion: National Health Service Funding","CD:2016-11-22:162"
"http://data.parliament.uk/resources/640531","2016-11-21","Higher Education and Research Bill: Report Stage New Clause 2","CD:2016-11-21:154"
"http://data.parliament.uk/resources/640533","2016-11-21","Higher Education and Research Bill: Report Stage New Clause 5","CD:2016-11-21:155"
"http://data.parliament.uk/resources/640544","2016-11-21","Higher Education and Research Bill: Report Stage New Clause 14","CD:2016-11-21:156"
"http://data.parliament.uk/resources/640564","2016-11-21","Higher Education and Research Bill: Report Stage Amendment 40","CD:2016-11-21:158"
"http://data.parliament.uk/resources/640593","2016-11-21","Higher Education and Research Bill: Report Stage Amendment 56","CD:2016-11-21:159"
"http://data.parliament.uk/resources/640631","2016-11-21","Higher Education and Research Bill: Report Stage Amendment 47","CD:2016-11-21:157"
"http://data.parliament.uk/resources/640712","2016-11-21","Higher Education and Research Bill: Third Reading","CD:2016-11-21:160"
"http://data.parliament.uk/resources/638486","2016-11-18","Closure Motion: Parliamentary Constituencies (Amendment) Bill second reading ","CD:2016-11-18:152"
"http://data.parliament.uk/resources/638488","2016-11-18","Parliamentary Constituencies (Amendment) Bill: Second Reading","CD:2016-11-18:153"
"http://data.parliament.uk/resources/641518","2016-11-17","Reductions to Employment and Support Allowance and universal credit","CD:2016-11-17:151"
"http://data.parliament.uk/resources/637405","2016-11-16","Opposition Motion: Autumn Statement distributional analysis, universal credit and ESA","CD:2016-11-16:149"
"http://data.parliament.uk/resources/637445","2016-11-16","Opposition Motion: social care","CD:2016-11-16:150"
"http://data.parliament.uk/resources/636353","2016-11-15","Investigatory Powers Bill  Lords Amendments 15B, 15C, 338B, 339B and 339C, motion to disagree","CD:2016-11-15:145"
"http://data.parliament.uk/resources/636356","2016-11-15","Small Charitable Donations etc Bill Report Stage New Clause 3","CD:2016-11-15:146"
"http://data.parliament.uk/resources/636357","2016-11-15","Small Charitable Donations etc Bill Report Stage New Clause 4","CD:2016-11-15:147"
"http://data.parliament.uk/resources/636408","2016-11-15","Small Charitable Donations Etc Bill: Report Stage Amdt 1","CD:2016-11-15:148"
"http://data.parliament.uk/resources/628911","2016-11-04","Motion to sit in private","CD:2016-11-04:144"
"http://data.parliament.uk/resources/626911","2016-11-02","Opposition Motion: Community Pharmacies","CD:2016-11-02:142"
"http://data.parliament.uk/resources/626953","2016-11-02","Opposition Motion: Police Officer Safety","CD:2016-11-02:143"
"http://data.parliament.uk/resources/626202","2016-11-01","Investigatory Powers Bill: Lords Amendment 15 Motion to disagree","CD:2016-11-01:141"
"http://data.parliament.uk/resources/625354","2016-10-31","Justice Committee: Motion To Nominate","CD:2016-10-31:140"
"http://data.parliament.uk/resources/621252","2016-10-26","Opposition Motion: Yemen","CD:2016-10-26:139"
"http://data.parliament.uk/resources/607490","2016-10-21","Closure Motion: Sexual Offences (Pardons Etc.) Bill second reading","CD:2016-10-21:138"
"http://data.parliament.uk/resources/605580","2016-10-19","Opposition motion: Rights of EU nationals","CD:2016-10-19:136"
"http://data.parliament.uk/resources/605620","2016-10-19","Opposition Motion: House of Lords reform and the size of the House of Commons","CD:2016-10-19:137"
"http://data.parliament.uk/resources/604276","2016-10-18","Broadcasting Amdt (a)","CD:2016-10-18:135"
"http://data.parliament.uk/resources/582791","2016-09-14","Ten Minute Rule Motion: European Union (UK Withdrawal From Membership)","CD:2016-09-14:132"
"http://data.parliament.uk/resources/582795","2016-09-14","Draft West Midlands Combined Authority (Election of Mayor) Order 2016","CD:2016-09-14:133"
"http://data.parliament.uk/resources/582798","2016-09-14","Opposition Motion: NHS sustainabiliy and transformation plans","CD:2016-09-14:134"
"http://data.parliament.uk/resources/581281","2016-09-12","Wales Bill: Report Stage Amdt 60","CD:2016-09-12:129"
"http://data.parliament.uk/resources/581521","2016-09-12","Wales Bill: Report Stage New Clause 3","CD:2016-09-12:130"
"http://data.parliament.uk/resources/581559","2016-09-12","Wales Bill: Report Stage New Clause 6","CD:2016-09-12:131"
"http://data.parliament.uk/resources/576587","2016-09-06","Finance Bill: Report Stage Amdt 174","CD:2016-09-06:125"
"http://data.parliament.uk/resources/576591","2016-09-06","Finance Bill: Report Stage New Clause 8","CD:2016-09-06:126"
"http://data.parliament.uk/resources/576592","2016-09-06","Finance Bill: Report Stage New Clause 15","CD:2016-09-06:127"
"http://data.parliament.uk/resources/576630","2016-09-06","Finance Bill: Third Reading","CD:2016-09-06:128"
"http://data.parliament.uk/resources/575629","2016-09-05","Finance Bill: Report Stage New Clause 5","CD:2016-09-05:120"
"http://data.parliament.uk/resources/575630","2016-09-05","Finance Bill: Report Stage Amdt 162 ","CD:2016-09-05:121"
"http://data.parliament.uk/resources/576210","2016-09-05","Finance Bill Report Stage New Clause 7","CD:2016-09-05:122"
"http://data.parliament.uk/resources/576211","2016-09-05","Finance Bill Report Stage New Clause 13","CD:2016-09-05:123"
"http://data.parliament.uk/resources/576346","2016-09-05","Finance Bill Report Stage Amdt 144","CD:2016-09-05:124"
"http://data.parliament.uk/resources/540627","2016-07-20","Ten Minute Rule Motion: Electoral Reform (Proportional Representation and Reduction of Voting Age)","CD:2016-07-20:117"
"http://data.parliament.uk/resources/540628","2016-07-20","Atomic Energy and Radioactive Substances","CD:2016-07-20:115"
"http://data.parliament.uk/resources/540629","2016-07-20","Climate Change","CD:2016-07-20:116"
"http://data.parliament.uk/resources/540630","2016-07-20","Opposition Motion: Supported Housing Benefit","CD:2016-07-20:118"
"http://data.parliament.uk/resources/540635","2016-07-20","Opposition Motion: Charter for Budget Responsibility","CD:2016-07-20:119"
"http://data.parliament.uk/resources/539858","2016-07-19","Higher Education and Research Bill: Second Reading","CD:2016-07-19:114"
"http://data.parliament.uk/resources/539282","2016-07-18","UK's Nuclear Deterrent","CD:2016-07-18:113"
"http://data.parliament.uk/resources/535663","2016-07-13","Independent Parliamentary Standards Authority","CD:2016-07-13:112"
"http://data.parliament.uk/resources/535367","2016-07-12","Opposition Day: EU Referendum: Energy and Environment","CD:2016-07-12:109"
"http://data.parliament.uk/resources/535427","2016-07-12","Opposition Day: SATs Results","CD:2016-07-12:110"
"http://data.parliament.uk/resources/535428","2016-07-12","Senior Courts of England and Wales","CD:2016-07-12:111"
"http://data.parliament.uk/resources/535009","2016-07-11","Wales Bill (Committee): Amendment 83","CD:2016-07-11:104"
"http://data.parliament.uk/resources/535011","2016-07-11","Wales Bill (committee): Amendment 123","CD:2016-07-11:105"
"http://data.parliament.uk/resources/535091","2016-07-11","Wales Bill (committee): Amendment 74","CD:2016-07-11:106"
"http://data.parliament.uk/resources/535093","2016-07-11","Wales Bill (committee): Amendment 81","CD:2016-07-11:107"
"http://data.parliament.uk/resources/535094","2016-07-11","Wales Bill (committee): NC 2","CD:2016-07-11:108"
"http://data.parliament.uk/resources/533158","2016-07-06","Opposition Motion: EU Nationals in the UK","CD:2016-07-06:103"
"http://data.parliament.uk/resources/532624","2016-07-05","Wales Bill Committee Amdt 5","CD:2016-07-05:98"
"http://data.parliament.uk/resources/532625","2016-07-05","Wales Bill Committee Amdt 7","CD:2016-07-05:99"
"http://data.parliament.uk/resources/532681","2016-07-05","Wales Bill Committee Clause 10 Stand Part","CD:2016-07-05:100"
"http://data.parliament.uk/resources/532682","2016-07-05","Wales Bill Committee Amdt 11","CD:2016-07-05:101"
"http://data.parliament.uk/resources/532684","2016-07-05","Wales Bill Committee Clause 16 Stand Part","CD:2016-07-05:102"
"http://data.parliament.uk/resources/532318","2016-07-04","Estimates (Ministry of Justice)","CD:2016-07-04:97"
"http://data.parliament.uk/resources/528997","2016-06-28","Finance Bill: committee: Amendment 1","CD:2016-06-28:92"
"http://data.parliament.uk/resources/528998","2016-06-28","Finance Bill: committee: New Clause 9","CD:2016-06-28:93"
"http://data.parliament.uk/resources/529002","2016-06-28","Finance Bill: committee: Clause 42 stand part","CD:2016-06-28:94"
"http://data.parliament.uk/resources/529003","2016-06-28","Finance Bill: committee: Clause 72 stand part ","CD:2016-06-28:95"
"http://data.parliament.uk/resources/529004","2016-06-28"," Finance Bill: committee: New Clause 2","CD:2016-06-28:96"
"http://data.parliament.uk/resources/528761","2016-06-27","Finance Bill: committee: Amendment 2","CD:2016-06-27:89"
"http://data.parliament.uk/resources/528763","2016-06-27","Finance Bill: New Clause 1","CD:2016-06-27:90"
"http://data.parliament.uk/resources/528766","2016-06-27","Finance Bill: committee: Amendment 183","CD:2016-06-27:91"
"http://data.parliament.uk/resources/525196","2016-06-15","Local Government Statutory Instrument","CD:2016-06-15:87"
"http://data.parliament.uk/resources/525202","2016-06-15","Opposition Day: EU Membership","CD:2016-06-15:88"
"http://data.parliament.uk/resources/524550","2016-06-13","Policing and Crime Bill Report Stage: New Clause 63","CD:2016-06-13:83"
"http://data.parliament.uk/resources/524551","2016-06-13","Policing and Crime Bill Report Stage: New Clause 64","CD:2016-06-13:84"
"http://data.parliament.uk/resources/524571","2016-06-13","Policing and Crime Bill Report Stage: New Clause 2","CD:2016-06-13:85"
"http://data.parliament.uk/resources/524572","2016-06-13","Policing and Crime Bill Report Stage: New Clause 60","CD:2016-06-13:86"
"http://data.parliament.uk/resources/523767","2016-06-08","Opposition Day: BBC White Paper","CD:2016-06-08:81"
"http://data.parliament.uk/resources/523811","2016-06-08","Opposition Day: Disability Employment Gap","CD:2016-06-08:82"
"http://data.parliament.uk/resources/523254","2016-06-07","Investigatory Powers Bill Report Stage: Amdt 390","CD:2016-06-07:77"
"http://data.parliament.uk/resources/523256","2016-06-07","Investigatory Powers Bill Report Stage: Amdt. 320","CD:2016-06-07:78"
"http://data.parliament.uk/resources/523292","2016-06-07","Investigatory Powers Bill Report Stage: Amdt 3","CD:2016-06-07:79"
"http://data.parliament.uk/resources/523300","2016-06-07","Investigatory Powers Bill Third Reading","CD:2016-06-07:80"
"http://data.parliament.uk/resources/522821","2016-06-06","Investigatory Powers Bill: Report: NC1","CD:2016-06-06:72"
"http://data.parliament.uk/resources/522822","2016-06-06","Invesigatory Powers Bill: Report: Amendment 465","CD:2016-06-06:73"
"http://data.parliament.uk/resources/522823","2016-06-06","Investigatory Powers Bill: Report: Amendment 482","CD:2016-06-06:74"
"http://data.parliament.uk/resources/522937","2016-06-06","Investigatory Powers Bill: Report: Amendment 267","CD:2016-06-06:75"
"http://data.parliament.uk/resources/522938","2016-06-06","Investigatory Powers Bill: Report: Amendment 312","CD:2016-06-06:76"
"http://data.parliament.uk/resources/521793","2016-05-26","Queen's Speech, Economy and Work, Amendment e (J Corbyn)","CD:2016-05-26:69"
"http://data.parliament.uk/resources/521794","2016-05-26","Queen's Speech, Economy and Work, Amendment d (A Robertson)","CD:2016-05-26:70"
"http://data.parliament.uk/resources/521795","2016-05-26","Queen's Speech, main question as amended","CD:2016-05-26:71"
"http://data.parliament.uk/resources/521760","2016-05-25","Queen's Speech - Jeremy Corbyn's amendment","CD:2016-05-25:68"
"http://data.parliament.uk/resources/518516","2016-05-11","Housing and Planning Bill: Lords Amdt 47E - Motion to disagree","CD:2016-05-11:67"
"http://data.parliament.uk/resources/518064","2016-05-09","Energy Bill - Lords Amendment 7TB - Government Motion to disagree","CD:2016-05-09:62"
